t_s,q1_deg,q2_deg,q3_deg,q1d_dps,q2d_dps,q3d_dps,q1dd_dps2,q2dd_dps2,q3dd_dps2,ee_x_mm,ee_y_mm,ee_z_mm
0.0000,0.0000,120.4557,-135.2231,-0.0000,196.1000,95.1857,15274.0602,-16846.2475,26526.7143,122.8173,0.0000,109.2827
0.0100,-0.0000,122.4167,-134.2712,152.7406,27.6375,360.4528,16637.7824,-20644.4922,30718.5914,119.6678,0.0000,114.9740
0.0200,1.5274,122.6931,-130.6667,332.7556,-216.7898,709.5575,6837.7166,-15981.3646,18613.9243,120.9917,3.2262,126.5147
0.0300,4.8550,120.5252,-123.5711,289.4949,-291.9897,732.7313,-11004.3847,4788.7081,-16543.5693,127.8602,10.8602,145.4886
0.0400,7.7499,117.6053,-116.2438,112.6680,-121.0157,378.6861,-8841.3491,8548.7044,-17702.2594,135.2939,18.4125,163.7858
0.0500,8.8766,116.3952,-112.4569,112.6680,-121.0157,378.6861,0.0000,0.0000,0.0000,137.8828,21.5342,173.5974
0.0600,8.8918,116.8548,-111.8153,316.2676,-209.9204,-355.2367,31881.7113,-37877.4391,-41103.8723,136.3343,21.3293,176.3992
0.0700,12.0545,114.7556,-115.3677,639.1526,-711.5885,-757.9161,8568.3980,-48900.9814,-2536.4515,141.4263,30.2016,161.5354
0.0800,18.4460,107.6397,-122.9469,487.6356,-1187.9400,-405.9657,-24133.5663,1285.1095,39906.0792,150.8964,50.3311,124.0177
0.0900,23.3223,95.7603,-127.0065,156.4812,-685.8863,40.2055,-16557.7156,25102.6850,22308.5578,161.4581,69.6094,85.7220
0.1000,24.8871,88.9014,-126.6045,156.4812,-685.8863,40.2055,0.0000,0.0000,0.0000,168.6057,78.2182,69.8845
0.1100,24.7263,89.4218,-126.1664,-14.1210,-145.1446,-87.5665,183.7648,-23435.6990,-13938.2809,168.9943,77.8228,72.3062
0.1200,24.5851,87.9704,-127.0420,-12.4079,-416.6719,-234.9549,158.5717,-17575.9574,-4755.7478,169.2466,77.4339,66.4346
0.1300,24.4610,83.8037,-129.3916,-10.9496,-496.6637,-182.6815,137.6441,9298.0246,9695.1493,168.7545,76.7673,50.3699
0.1400,24.3515,78.8370,-131.2184,-9.6550,-230.7114,-41.0519,64.7300,13297.6140,7081.4791,168.2865,76.1666,34.0181
0.1500,24.2550,76.5299,-131.6289,-9.6550,-230.7114,-41.0519,0.0000,0.0000,0.0000,168.5943,75.9638,27.4230
0.1600,24.1703,76.9778,-131.4195,-7.4252,315.9590,73.6825,97.2906,28781.9795,8112.2957,168.9956,75.8443,28.9366
0.1700,24.0960,80.1374,-130.6827,-6.5233,620.4301,183.1838,83.1271,10110.3864,9649.5127,169.0765,75.6175,38.3570
0.1800,24.0308,86.3417,-128.8509,-5.7627,518.1667,266.6728,72.0097,-21975.0565,-838.6446,168.2124,75.0014,58.0058
0.1900,23.9732,91.5234,-126.1841,-5.0831,180.9290,166.4109,33.9770,-16861.8841,-5013.0936,167.4611,74.4646,77.5675
0.2000,23.9223,93.3327,-124.5200,-5.0831,180.9290,166.4109,0.0000,0.0000,0.0000,167.7568,74.4179,86.4847
0.2100,23.8778,93.2539,-124.2896,861.2227,379.9010,-340.9456,110251.1145,28873.5255,-24875.6152,168.2656,74.4871,86.9067
0.2200,32.4900,97.0529,-127.6991,2200.5698,569.5907,-474.4723,81281.5334,-39782.9407,33347.1600,145.7190,92.7976,86.8856
0.2300,54.4957,102.7488,-132.4438,2486.8534,-415.7578,325.9976,-69865.8488,-62462.0213,52613.5687,90.9706,127.5160,86.3935
0.2400,79.3643,98.5912,-129.1838,803.2528,-679.6497,577.7991,-84180.0310,-13194.5938,12590.0743,31.0172,165.1692,86.3728
0.2500,87.3968,91.7947,-123.4058,803.2528,-679.6497,577.7991,0.0000,0.0000,0.0000,8.5231,187.4615,85.5645
0.2600,86.4474,91.2218,-122.6550,-81.5175,-209.9582,-77.2487,1235.9263,-18986.2612,-15809.2056,11.7576,189.3821,86.0882
0.2700,85.6322,89.1222,-123.4275,-70.2200,-437.0206,-241.1016,1029.6022,-15047.8766,-5266.7706,14.5801,190.8899,78.5304
0.2800,84.9300,84.7520,-125.8385,-60.9255,-510.9157,-182.5841,863.0164,8141.0674,11072.7198,16.9792,191.3816,60.9498
0.2900,84.3208,79.6428,-127.6644,-52.9596,-274.1993,-19.6472,398.2931,11835.8205,8146.8444,19.0747,191.8082,43.2558
0.3000,83.7912,76.9008,-127.8608,-52.9596,-274.1993,-19.6472,0.0000,0.0000,0.0000,20.9999,193.0311,35.5091
0.3100,83.3325,76.6996,-127.3149,-39.7658,230.1201,112.9290,562.8835,26371.3560,8402.0432,22.7133,194.3016,36.0495
0.3200,82.9349,79.0008,-126.1856,-34.6084,507.3050,222.6378,475.4692,9570.6878,8899.3667,24.1909,195.1843,44.6545
0.3300,82.5888,84.0739,-123.9592,-30.2564,421.5339,290.9164,410.8230,-18935.9968,-2212.2478,25.3727,195.0604,63.6125
0.3400,82.2862,88.2892,-121.0500,-26.3920,128.5850,178.3928,193.2204,-14647.4441,-5626.1772,26.4076,194.9621,82.5158
0.3500,82.0223,89.5750,-119.2661,-26.3920,128.5850,178.3928,0.0000,0.0000,0.0000,27.4387,195.7893,90.8369
0.3600,81.7932,89.2179,-118.9427,-731.5574,515.5697,-526.8972,-95155.1844,53113.2228,-48413.6961,28.3740,196.7363,90.7330
0.3700,74.4776,94.3736,-124.2117,-1926.0158,1026.5530,-935.9375,-93328.0703,-10821.2823,16344.5017,48.8160,175.7582,89.9167
0.3800,55.2175,104.6392,-133.5711,-2598.1188,299.1440,-200.0072,39807.5449,-77793.1842,64793.0708,86.7353,124.8769,87.0780
0.3900,29.2363,107.6306,-135.5711,-1129.8649,-529.3107,359.9239,73412.6942,-41422.7366,27996.5550,126.0926,70.5755,87.2053
0.4000,17.9376,102.3375,-131.9719,-1129.8649,-529.3107,359.9239,0.0000,0.0000,0.0000,150.3153,48.6595,86.8395
0.4100,18.7375,101.1342,-130.9255,67.1694,-272.9304,-69.8266,-1157.7552,-19773.8503,-18038.1115,152.8949,51.8637,87.1803
0.4200,19.4092,98.4049,-131.6238,56.8366,-515.8044,-256.1254,-927.5515,-16836.6585,-6207.7568,154.9390,54.5907,79.4557
0.4300,19.9776,93.2469,-134.1851,48.6183,-609.6635,-193.9817,-757.1218,8593.9965,12367.4014,155.8045,56.6392,61.7670
0.4400,20.4638,87.1502,-136.1249,41.6941,-343.9245,-8.7774,-346.2099,13286.9532,9260.2164,156.5547,58.4206,43.9819
0.4500,20.8807,83.7110,-136.2127,41.6941,-343.9245,-8.7774,0.0000,0.0000,0.0000,158.1725,60.3392,36.1100
0.4600,21.2369,83.2716,-135.4502,30.4916,248.9674,141.5091,-468.8424,30320.7685,9332.6978,159.8217,62.1091,36.5738
0.4700,21.5418,85.7613,-134.0351,26.2391,562.4809,262.9037,-385.7243,10015.1151,9558.8612,161.0156,63.5614,45.1677
0.4800,21.8042,91.3861,-131.4060,22.7771,449.2697,332.6863,-323.0375,-22148.1566,-3056.9974,161.0816,64.4417,64.1977
0.4900,22.0320,95.8788,-128.0792,19.7784,119.5178,201.7637,-149.9350,-16487.5981,-6546.1265,161.1803,65.2256,83.1347
0.5000,22.2297,97.0740,-126.0615,19.7784,119.5178,201.7637,0.0000,0.0000,0.0000,162.2553,66.3134,91.3984
0.5100,22.4005,96.5333,-125.6580,786.3032,73.3372,-69.1321,89213.5461,1106.5599,-883.7350,163.4227,67.3598,91.2229
0.5200,30.2636,97.2667,-126.3494,1801.3508,-31.9370,22.6750,45142.1086,-35809.6806,30942.8742,150.7510,87.9632,91.0615
0.5300,48.2771,96.9473,-126.1226,1689.1454,-642.8564,549.7254,-63432.6221,-24114.6541,24374.2816,116.7282,130.9074,90.9315
0.5400,65.1685,90.5188,-120.6253,532.6983,-514.2301,510.1606,-57822.3542,6431.3170,-1978.2390,81.5070,176.1432,89.7028
0.5500,70.4955,85.3765,-115.5237,532.6983,-514.2301,510.1606,0.0000,0.0000,0.0000,70.1691,198.1021,89.0138
0.5600,69.7848,84.8984,-114.9575,-61.5091,-169.8842,-74.5116,885.5330,-15075.1665,-13687.9795,73.1862,198.7511,89.1260
0.5700,69.1697,83.1995,-115.7027,-53.3646,-349.3109,-217.1394,750.3618,-11506.0022,-4810.5653,75.7856,199.1893,82.0114
0.5800,68.6360,79.7064,-117.8741,-46.5018,-400.0043,-170.7229,641.0602,6753.4439,9429.8354,77.8424,198.9985,65.8694
0.5900,68.1710,75.7064,-119.5813,-40.5434,-214.2420,-28.5427,297.9210,9288.1133,7109.0075,79.6455,198.8360,49.6723
0.6000,67.7656,73.5640,-119.8667,-40.5434,-214.2420,-28.5427,0.0000,0.0000,0.0000,81.4623,199.2750,42.5045
0.6100,67.4129,73.3606,-119.4421,-30.6903,172.0785,100.5233,424.9610,20492.4298,7891.5002,83.1152,199.7984,42.8038
0.6200,67.1060,75.0814,-118.4369,-26.7649,389.5133,200.2916,362.8422,8053.7215,7531.6759,84.5044,200.1087,50.3586
0.6300,66.8384,78.9765,-116.4339,-23.4334,333.1529,251.1568,312.3486,-14110.3615,-2549.7503,85.4710,199.7882,67.2079
0.6400,66.6040,82.3081,-113.9224,-20.5179,107.3061,149.2966,145.7751,-11292.3417,-5093.0126,86.3178,199.5073,84.0246
0.6500,66.3989,83.3811,-112.4294,-20.5179,107.3061,149.2966,0.0000,0.0000,0.0000,87.3223,199.8621,91.4019
0.6600,66.2197,83.1120,-112.1861,-529.0446,395.0228,-454.6107,-65778.8268,42465.2916,-44907.5825,88.2694,200.3204,91.2317
0.6700,60.9293,87.0622,-116.7322,-1333.4888,822.3943,-873.8172,-58843.4009,4407.4711,1426.5263,99.9112,179.7211,90.6629
0.6800,47.5944,95.2862,-125.4703,-1705.9127,483.1723,-426.0802,23731.8737,-45723.2039,47747.4735,120.7205,132.1798,88.7339
0.6900,30.5353,100.1179,-129.7311,-858.8514,-92.0698,81.1323,42353.0642,-28762.1036,25360.6263,142.0028,83.7639,88.2550
0.7000,21.9468,99.1972,-128.9198,-858.8514,-92.0698,81.1323,0.0000,0.0000,0.0000,155.4065,62.6204,88.4417
0.7100,22.1635,98.3817,-128.1858,18.4933,-232.5759,-94.8523,-290.0997,-19416.0005,-17465.9678,157.3957,64.1149,88.6107
0.7200,22.3484,96.0559,-129.1344,15.8679,-469.8743,-275.9207,-238.0039,-16504.8695,-5969.3119,158.9297,65.3387,80.7538
0.7300,22.5071,91.3572,-131.8936,13.7332,-562.6733,-214.2385,-198.3845,7801.9223,12236.8157,159.3939,66.0462,62.9619
0.7400,22.6444,85.7304,-134.0360,11.9002,-313.8359,-31.1843,-91.6477,12441.8712,9152.7098,159.7832,66.6567,45.0940
0.7500,22.7634,82.5921,-134.3478,11.9002,-313.8359,-31.1843,0.0000,0.0000,0.0000,161.0288,67.5693,37.1294
0.7600,22.8660,82.2829,-133.7971,8.8614,249.9064,122.2817,-129.1550,29319.3079,9477.4600,162.3428,68.4629,37.4725
0.7700,22.9547,84.7820,-132.5743,7.6806,555.4719,244.6159,-107.7185,10023.4695,9650.6359,163.2582,69.1466,45.9254
0.7800,23.0315,90.3367,-130.1282,6.7070,450.3757,315.2944,-91.2540,-21296.7478,-2840.6056,163.1218,69.3469,64.7978
0.7900,23.0985,94.8405,-126.9752,5.8555,129.5369,187.8038,-42.5741,-16041.9408,-6374.5315,163.0266,69.5318,83.6138
0.8000,23.1571,96.1358,-125.0972,5.8555,129.5369,187.8038,0.0000,0.0000,0.0000,163.8893,70.0978,91.8094
0.8100,23.2079,95.7116,-124.8037,644.9584,-229.0211,195.9986,67053.0910,-29200.0949,27432.9513,164.8622,70.6870,91.5876
0.8200,29.6575,93.4214,-122.8437,1346.1443,-626.4277,578.0030,20212.0403,-33461.0006,37674.6665,161.6701,92.0561,91.2552
0.8300,43.1189,87.1571,-117.0637,1049.1992,-898.2411,949.4919,-51752.5222,7662.0623,799.0086,149.6068,140.0923,90.0326
0.8400,53.6109,78.1747,-107.5688,311.0939,-473.1865,593.9831,-36905.2690,21252.7311,-17775.4380,138.6548,188.1420,87.8333
0.8500,56.7219,73.4428,-101.6290,311.0939,-473.1865,593.9831,0.0000,0.0000,0.0000,137.1486,208.9626,87.5156
0.8600,56.2273,73.2993,-101.3314,-43.2740,-123.3869,-87.5174,577.5703,-13285.7971,-12258.3542,139.3140,208.3195,87.8135
0.8700,55.7946,72.0655,-102.2066,-37.9039,-280.0632,-215.4150,499.5780,-9925.0683,-4116.3043,141.1530,207.6581,80.8699
0.8800,55.4155,69.2648,-104.3608,-33.2824,-321.8882,-169.8435,434.2571,5745.5915,8753.9165,142.4745,206.6484,64.8504
0.8900,55.0827,66.0460,-106.0592,-29.2188,-165.1513,-40.3367,203.1809,7836.8448,6475.3423,143.6375,205.7672,48.7632
0.9000,54.7905,64.3944,-106.4626,-29.2188,-165.1513,-40.3367,0.0000,0.0000,0.0000,144.9571,205.4177,41.7198
0.9100,54.5346,64.3489,-106.2217,-22.4205,155.6736,77.4697,296.7326,17218.2850,7275.3973,146.1863,205.2074,42.1141
0.9200,54.3104,65.9056,-105.4470,-19.6606,339.8070,169.5985,256.8598,7005.9256,7132.2290,147.1864,204.9098,49.7230
0.9300,54.1138,69.3037,-103.7510,-17.2833,295.7922,220.1143,223.5363,-11828.5863,-1954.0499,147.7467,204.2074,66.5673
0.9400,53.9409,72.2616,-101.5498,-15.1899,103.2353,130.5175,104.6698,-9627.8435,-4479.8399,148.2328,203.5832,83.3857
0.9500,53.7890,73.2939,-100.2447,-15.1899,103.2353,130.5175,0.0000,0.0000,0.0000,148.9865,203.4825,90.8222
0.9600,53.6559,73.1464,-100.0848,-320.2804,1005.9472,-722.8182,-43556.1606,115819.1446,-62395.2709,149.7324,203.5072,90.7230
0.9700,50.4531,83.2059,-107.3130,-884.4407,2301.6283,-1231.9160,-61034.4299,58558.0120,25323.9611,143.6389,173.9574,105.2162
0.9800,41.6087,106.2221,-119.6321,-1540.9690,2177.1074,-216.3390,-26594.0231,-92517.1985,84984.3167,123.2260,109.4384,131.0884
0.9900,26.1990,127.9932,-121.7955,-1416.3211,451.2843,467.7703,6232.3931,-86291.1555,34205.4649,97.0355,47.7452,161.2878
1.0000,12.0357,132.5061,-117.1178,-1416.3211,451.2843,467.7703,0.0000,0.0000,0.0000,89.9059,19.1687,180.4616
